path,url,status,final_url,title,description,canonical,h1_count,image_count,form_count
/,https://www.zioncreative.co/,200,https://www.zioncreative.co/,Zion Creative | Springfield IL | Web Design and Marketing Services,"Zion Creative is a Springfield, IL marketing agency specializing in web design, web development, logo design, graphic design, and digital marketing services.",https://www.zioncreative.co,1,19,0
/home-old,https://www.zioncreative.co/home-old,200,https://www.zioncreative.co/home-old,Home — Zion Creative,,https://www.zioncreative.co/home-old,2,15,0
/contact,https://www.zioncreative.co/contact,200,https://www.zioncreative.co/contact,"Start a Project | Zion Creative | Graphic Design, Web Design, Creative & Marketing | Springfield, IL — Zion Creative","Ready to elevate your brand? Start a project with Zion Creative in Springfield, IL. Contact us for expert brand strategy, logo design, web design, and marketing services. Let's create something amazing together.

",https://www.zioncreative.co/contact,1,4,0
/services,https://www.zioncreative.co/services,200,https://www.zioncreative.co/services,Services — Zion Creative,,https://www.zioncreative.co/services,6,6,0
/testimonials,https://www.zioncreative.co/testimonials,200,https://www.zioncreative.co/testimonials,"Client Testimonials | Zion Creative | Springfield, IL — Zion Creative","Read what our clients have to say about working with Zion Creative in Springfield, IL. Discover how our brand strategy, logo design, web design, and marketing services have helped businesses succeed.

",https://www.zioncreative.co/testimonials,0,4,0
/brand-management-services,https://www.zioncreative.co/brand-management-services,200,https://www.zioncreative.co/brand-management-services,Brand Management & Website Management | Ongoing creative & marketing services | Zion Creative — Zion Creative,,https://www.zioncreative.co/brand-management-services,0,4,0
/hill-country-linens,https://www.zioncreative.co/hill-country-linens,200,https://www.zioncreative.co/hill-country-linens,Hill Country Linens — Zion Creative,,https://www.zioncreative.co/hill-country-linens,0,4,0
/wholemoon,https://www.zioncreative.co/wholemoon,200,https://www.zioncreative.co/wholemoon,Wholemoon — Zion Creative,,https://www.zioncreative.co/wholemoon,0,5,0
/evangel,https://www.zioncreative.co/evangel,200,https://www.zioncreative.co/evangel,Evangel — Zion Creative,,https://www.zioncreative.co/evangel,0,5,0
/tpcns,https://www.zioncreative.co/tpcns,200,https://www.zioncreative.co/tpcns,tpcns — Zion Creative,,https://www.zioncreative.co/tpcns,0,5,0
/sgk-law,https://www.zioncreative.co/sgk-law,200,https://www.zioncreative.co/sgk-law,SGK Law — Zion Creative,,https://www.zioncreative.co/sgk-law,0,5,0
/settlers-mtn,https://www.zioncreative.co/settlers-mtn,200,https://www.zioncreative.co/settlers-mtn,Settler's Mountain — Zion Creative,,https://www.zioncreative.co/settlers-mtn,0,5,0
/logo-design-springfield-il,https://www.zioncreative.co/logo-design-springfield-il,200,https://www.zioncreative.co/logo-design-springfield-il,"Logo Design & Branding | Springfield, IL — Zion Creative","Transform your brand with Zion Creative logo design services in Springfield. Bold, strategic identities, logo and branding built to stand out and grow.",https://www.zioncreative.co/logo-design-springfield-il,1,30,0
/kidkits,https://www.zioncreative.co/kidkits,200,https://www.zioncreative.co/kidkits,Kidkits — Zion Creative,,https://www.zioncreative.co/kidkits,1,6,0
/home,https://www.zioncreative.co/home,200,https://www.zioncreative.co/home,Zion Creative | Springfield IL | Web Design and Marketing Services,"Zion Creative is a Springfield, IL marketing agency specializing in web design, web development, logo design, graphic design, and digital marketing services.",https://www.zioncreative.co,1,19,0
/bfg,https://www.zioncreative.co/bfg,200,https://www.zioncreative.co/bfg,BFG — Zion Creative,,https://www.zioncreative.co/bfg,0,13,0
/lingk,https://www.zioncreative.co/lingk,200,https://www.zioncreative.co/lingk,Lingk — Zion Creative,,https://www.zioncreative.co/lingk,0,13,0
/springfree-ev,https://www.zioncreative.co/springfree-ev,200,https://www.zioncreative.co/springfree-ev,Spring Free EV — Zion Creative,,https://www.zioncreative.co/springfree-ev,0,22,0
/little-pond,https://www.zioncreative.co/little-pond,200,https://www.zioncreative.co/little-pond,Little Pond — Zion Creative,,https://www.zioncreative.co/little-pond,0,14,0
/pillars-yogurt,https://www.zioncreative.co/pillars-yogurt,200,https://www.zioncreative.co/pillars-yogurt,Pillars Yogurt — Zion Creative,,https://www.zioncreative.co/pillars-yogurt,0,35,0
/garrison-group,https://www.zioncreative.co/garrison-group,200,https://www.zioncreative.co/garrison-group,Garrison Group — Zion Creative,,https://www.zioncreative.co/garrison-group,0,9,0
/anvil-and-forge,https://www.zioncreative.co/anvil-and-forge,200,https://www.zioncreative.co/anvil-and-forge,Anvil & Forge — Zion Creative,,https://www.zioncreative.co/anvil-and-forge,1,27,0
/portfolio,https://www.zioncreative.co/portfolio,200,https://www.zioncreative.co/portfolio,"Our Portfolio | Zion Creative | Graphic Design, Web Design, Packaging, Creative Services Springfield, IL — Zion Creative","Explore the portfolio of Zion Creative Co. in Springfield, IL. See our successful brand strategy, logo design, web design, and marketing projects. Get inspired by our creative solutions and results.",https://www.zioncreative.co/portfolio,1,23,0
/about-us,https://www.zioncreative.co/about-us,200,https://www.zioncreative.co/about-us,"About Us | Zion Creative | Graphic Design, Web Design & Creative Services in Springfield, IL — Zion Creative","Learn more about Zion Creative in Springfield, IL. We specialize in brand strategy, logo design, web design, and comprehensive creative marketing services. Discover our story and how we can help your brand thrive.

",https://www.zioncreative.co/about-us,1,10,0
/web-design-springfield-il,https://www.zioncreative.co/web-design-springfield-il,200,https://www.zioncreative.co/web-design-springfield-il,"Web Design Services | Zion Creative | Springfield, IL — Zion Creative","Zion Creative: Professional web design and web development services in Springfield, IL. Contact us for top-notch work and an excellent web design experience.",https://www.zioncreative.co/web-design-springfield-il,1,21,0
/jobs,https://www.zioncreative.co/jobs,200,https://www.zioncreative.co/jobs,Jobs — Zion Creative,,https://www.zioncreative.co/jobs,1,3,0
/project/kp,https://www.zioncreative.co/project/kp,200,https://www.zioncreative.co/project/kp,KP — Zion Creative,,https://www.zioncreative.co/project/kp,0,6,0
/project/equiventures-east,https://www.zioncreative.co/project/equiventures-east,200,https://www.zioncreative.co/project/equiventures-east,Equiventures East — Zion Creative,,https://www.zioncreative.co/project/equiventures-east,0,29,0
/onboarding,https://www.zioncreative.co/onboarding,200,https://www.zioncreative.co/onboarding,Onboarding — Zion Creative,,https://www.zioncreative.co/onboarding,1,3,0
/consultation,https://www.zioncreative.co/consultation,200,https://www.zioncreative.co/consultation,Consultation — Zion Creative,,https://www.zioncreative.co/consultation,1,3,0
/the-villas,https://www.zioncreative.co/the-villas,200,https://www.zioncreative.co/the-villas,The Villas Sherman — Zion Creative,,https://www.zioncreative.co/the-villas,3,19,0
/project/vpne,https://www.zioncreative.co/project/vpne,200,https://www.zioncreative.co/project/vpne,VPNE — Zion Creative,,https://www.zioncreative.co/project/vpne,0,6,0
/sample,https://www.zioncreative.co/sample,200,https://www.zioncreative.co/sample,sample — Zion Creative,,https://www.zioncreative.co/sample,0,3,0
/graphic-design-springfield-il,https://www.zioncreative.co/graphic-design-springfield-il,200,https://www.zioncreative.co/graphic-design-springfield-il,"Graphic Design Services | Springfield, IL — Zion Creative","Professional graphic design services in Springfield. Zion Creative delivers bold branding, marketing visuals, and design that helps businesses stand out.",https://www.zioncreative.co/graphic-design-springfield-il,1,25,0
/digital-marketing-springfield-il,https://www.zioncreative.co/digital-marketing-springfield-il,200,https://www.zioncreative.co/digital-marketing-springfield-il,"Digital Marketing Agency | Springfield, IL — Zion Creative","Full-service marketing agency in Springfield, IL offering branding, web design, SEO, and digital advertising to help businesses grow, attract leads, and increase revenue.",https://www.zioncreative.co/digital-marketing-springfield-il,1,23,0
